Quarter/Year,Revenues (US$mn),Revenues For Year (US$mn),Revenues (US$mn) [Constant currency],EBIT (US$mn),PAT (US$mn),Selling and Marketing Expense (US$mn),Other Income (US$mn),Income Tax (US$mn),S&M Expense/Revenue (%),Revenue (INRmn),EBITDA (INRmn),PAT (INRmn),Selling and Marketing Expense (INRmn),Other Income(INRmn),Income Tax(INRmn),Revenue from Manufacturing (%),"Revenue from Insurance, finance and banking (%)",Revenue from Telecom (%),Revenue from Retailing & CPG (%),Revenue from Other Verticals (%),Revenue from Life sciences (%),Revenue from Healthcare (%),Revenue from Application development (%),Revenue from Application maintenance (%),Revenue from Package implementation (%),Revenue from Testing services (%),Revenue from Product engineering services (%),Revenue from Business process management (%),Revenue from Infrastructure management (%),Revenue from Other services (%),"Revenue from Products, platforms and solutions (%)",Revenue from Products (%),Revenue from BPM platform (%),Revenue from Others (%),Revenue from New Services (%),Revenue from New Software(%),Services- Core,Services - Digital,Products-Core,Products-Digital,Revenue from North America (%),Revenue from Europe (%),Revenue from India (%),Revenue from Rest of the world(%),Project Type T&M (%),Project Type Fixed price (%),Staff utilisation (%) (including trainees),Revenue from Onsite (%),Revenue from Offshore (%),Revenue from Top client (%),Revenue from Top 5 clients (%),Revenue from top 10 clients (%),Number of clients,New Client Additions,Client Attrition,Client Attrition (%),New Client (%),US$1mn,US$5mn,US$10mn,US$25mn+,US$50mn,US$75mn+,US$100mn,US$200mn,US$300mn,Employee strength,Billable,Trainees,Product Group,Sales and Support,Sales and Support Staff (%),Gross Addition,lateral addition,Attrition,Net Addition,Net Addition (%),Consolidated Attrtion rate (%),Guidance min(US$mn),Guidance max(US$mn),Rupee Dollar Average,Seats Completed,Seats WIP,Land Aquired(acres),Result Announcement Date,Adjusted Stock Price at close (INR),Change in stock price (%),Revenue per employee (USD$K),Revenue per billable employee (USD$K),Attrition (%),New Additions (%),laterals in new additions (%),freshers in new additions (%),revenue in USD growth QoQ (%),revenue in INR growth QoQ (%),revenue in constant currency growth (%),Margin for USD(%),EPS (INR),EPS (USD),Cash (US$mn),Chief Officer
2QFY09,1216,,1236,361,320,68,15,56,5.59%,54180,17940,14320,3030,660,2510,20.1,33.4,19,12.1,15.4,0,0,20.6,22.1,28.8,7,2.1,6,5.9,3.9,3.6,3.6,0,0,,,,,,,61.5,28.1,1.3,9.1,65.9,34.1,69.4,47.3,52.7,7.6,18.6,28,586,40,21,3.70%,7.05%,325,151,94,34,20,20,5,1,1,100306,83412,8119,2093,6682,6.66%,10117,1736,4190,5927,6.28%,12.8,1215,1225,44.5,85025,19650,0,10-10-2008,306.3,-2.32,48.49,47.5,17.76%,42.88%,17.16%,82.84%,5.28%,11.71%,7.29%,26.32%,25.02,0.1498,1886,Gopalakrishnan
3QFY09,1171,,1228,373,332,55,7,48,4.70%,57860,20310,16410,2740,380,2410,19.6,34.9,16.7,12.6,16.2,0,0,20.8,21.7,29.1,6.5,2.1,5.7,6.5,3.4,4.2,4.2,0,0,,,,,,,64.5,25.5,1.2,8.8,63.7,36.3,68.5,45.8,54.2,6.2,17.3,27.2,583,30,33,5.63%,5.12%,323,150,102,37,20,18,4,1,1,103078,85918,7709,2283,7168,6.95%,5997,1388,3225,2772,2.76%,11.8,1175,1220,49.42,90470,14171,0,13-01-2009,307.04,5.9,45.44,44.46,12.86%,23.91%,23.14%,76.86%,-3.70%,6.79%,-0.65%,28.35%,28.63,0.1449,1948,Gopalakrishnan
4QFY09,1121,,1134,330,321,55,51,60,4.91%,56350,18910,16130,2700,2520,3020,20.8,33,16.7,13.5,16,0,0,19.2,21.7,29.1,6.3,2.6,6,7,4.1,4,4,0,0,,,,,,,64.6,24.3,1.6,9.5,61.7,38.3,67.6,46.2,53.8,5.7,17.2,26.8,579,37,41,7.03%,6.35%,327,151,101,39,20,17,4,1,1,104850,86306,8694,2349,7501,7.15%,4935,659,3163,1772,1.72%,11.1,1128,1170,50.24,95048,20756,0,15-04-2009,342.65,-2.74,42.77,41.83,12.27%,19.15%,13.35%,86.65%,-4.27%,-2.61%,-7.65%,28.64%,28.13,0.1606,2167,Gopalakrishnan
1QFY10,1122,4630,1100,338,313,53,55,80,4.72%,54720,18680,15270,2610,2690,3880,20.5,33,16.9,13.2,16.4,0,0,19.3,23.2,28.2,6.2,2.4,6.1,6.6,4,4,4,0,0,,,,,,,64.7,24.7,0.9,9.7,61.9,38.1,67,46.4,53.6,4.5,16.3,25.8,569,27,37,6.39%,4.66%,330,151,104,45,19,17,4,1,0,103905,88061,5609,2664,7571,7.29%,3538,390,4483,-945,-0.90%,11.1,1060,1080,48.82,95939,19340,8.35,10-07-2009,430.29,2.6,43.19,42.11,17.10%,13.50%,11.02%,88.98%,0.09%,-2.89%,-3.00%,27.90%,26.63,0.1352,2270,Gopalakrishnan
2QFY10,1154,4568,1136,350,317,57,49,82,4.94%,55850,19330,15400,2760,2360,3970,19.3,33.5,16.2,14.1,16.9,0,0,18.1,22.7,28.2,6.2,2.3,6.2,7.8,4.4,4.1,4.1,0,0,,,,,,,65.9,23.2,1.2,9.7,62,38,67.3,46,54,4.6,16.5,26.2,571,35,33,5.80%,6.15%,330,150,96,41,21,15,5,1,0,105453,87798,6996,2800,7859,7.45%,6069,1064,4521,1548,1.49%,10.9,1110,1130,48.39,106064,13442,149.11,09-10-2009,544.4,-1.5,43.77,42.64,17.40%,23.36%,17.53%,82.47%,2.85%,2.07%,3.27%,27.47%,26.83,0.1384,2208,Gopalakrishnan
3QFY10,1232,4629,1221,382,334,68,50,98,5.52%,57410,20380,15820,3140,2310,4550,19.3,34.6,16.2,13.1,16.8,0,0,17.8,24.5,27.4,6.5,2.4,5.9,7.1,4.5,3.9,3.9,0,0,,,,,,,66.6,21.9,1.2,10.3,61.7,38.3,68.8,46.1,53.9,4.7,17.6,27.5,568,32,35,6.13%,5.60%,336,152,93,41,22,16,6,2,0,109882,89086,10045,4345,6406,5.83%,8719,1420,4290,4429,4.20%,11.6,1155,1165,46.62,107331,13442,0,12-01-2010,646.74,3.91,44.85,43.14,16.27%,33.07%,16.29%,83.71%,6.76%,2.79%,7.48%,27.11%,27.72,0.1473,1972,Gopalakrishnan
4QFY10,1296,4804,1307,390,349,73,55,96,5.63%,59440,17890,16000,3330,2520,4410,20.2,34.8,15.3,13,16.7,0,0,16.8,22.8,30.5,6.6,1.8,6.2,7.2,3.1,5,5,0,0,,,,,,,66.1,22.5,1.4,10,60.5,39.5,69.3,46,54,4.6,15.8,25.8,575,47,40,7.04%,8.27%,338,159,97,41,26,18,6,1,0,113796,93254,8880,4730,6932,6.09%,9313,2041,5399,3914,3.56%,13.4,1240,1250,45.91,107331,13442,3.57,13-04-2010,695.48,3.68,45.56,43.74,19.65%,33.90%,21.92%,78.08%,5.19%,3.54%,7.04%,26.93%,28,0.136,2698,Gopalakrishnan
1QFY11,1358,5040,1374,384,326,74,53,111,5.45%,61980,17550,14880,3390,2390,5060,19.5,36.1,14.1,13.2,12.7,3.4,1,16.9,23.9,29.2,7.3,2.1,5.7,6.9,2.6,5.4,4.7,0,0.7,,,,,,,67.3,20.3,1.7,10.7,61,39,73,48,52,4.9,15.4,26.1,590,38,23,4.00%,6.61%,341,170,103,43,26,21,11,2,0,114822,95863,7603,5029,6327,5.51%,8859,2942,7833,1026,0.90%,15.8,1330,1340,45.58,110331,23725,202.35,13-07-2010,699.19,-3.42,47.31,45.32,27.53%,31.14%,33.21%,66.79%,4.78%,4.27%,5.13%,24.01%,26.05,0.1451,3011,Gopalakrishnan
2QFY11,1496,5382,1485,452,374,82,57,135,5.48%,69470,20980,17370,3800,2670,6280,18.9,35.4,13.3,14.4,14,3.1,0.9,15.6,23.5,31.5,7.6,2.5,5.6,6.2,3.3,4.2,4.2,0,0,,,,,,,65.8,21.8,2.1,10.3,60.1,39.9,74.3,50.2,49.8,4.7,15.8,26.7,592,27,25,4.24%,4.58%,337,173,113,48,27,23,10,2,0,122468,99667,11127,5178,6496,5.30%,14264,4138,6618,7646,6.66%,17.1,1413,1427,46.48,112931,21125,0,15-10-2010,769.08,-3.42,48.86,46.88,23.05%,49.69%,29.01%,70.99%,10.16%,12.08%,8.08%,25.00%,30.4,0.1564,3427,Gopalakrishnan
3QFY11,1585,5735,1566,479,397,88,65,147,5.55%,71060,21470,17800,3930,2900,6570,19.6,36.2,12.5,14.5,12.6,3.6,1,15.6,22.5,31.8,7.6,2.5,5.6,6,2.8,5.6,5.3,0,0.3,,,,,,,64.7,21.8,2.2,11.3,58.8,41.2,72.6,49.3,50.7,4.6,15.4,25.7,612,40,20,3.38%,6.76%,350,180,121,47,29,29,11,2,0,127779,103617,11806,5721,6635,5.19%,11067,5212,5756,5311,4.34%,17.5,1547,1562,44.83,114457,27319,5.41,13-01-2011,801.3,-5.1,49.62,47.49,18.80%,36.15%,47.09%,52.91%,5.95%,2.29%,5.45%,25.05%,31.14,0.1727,3314,Gopalakrishnan
4QFY11,1602,6041,1597,464,402,88,92,154,5.49%,72500,21020,18180,4000,4150,6990,20.4,35.7,11.9,14.5,12.7,3.7,1.1,16.1,22,31.7,7.3,2.4,4.9,6.1,3,6.4,5.4,0.7,0.3,,,,,,,63.7,22.1,2.7,11.5,59,41,68.4,49.3,50.7,4.7,15.5,24.6,620,34,26,4.25%,5.56%,366,187,126,53,28,34,11,2,0,130820,109026,8565,6220,7009,5.36%,8930,3591,5889,3041,2.38%,17,1601,1617,45.25,122997,39696,267.28,15-04-2011,747.38,-9.58,48.98,46.76,18.43%,27.95%,40.21%,59.79%,1.07%,2.03%,1.98%,25.09%,31.82,0.1707,3737,Gopalakrishnan
1QFY12,1671,6354,1651,435,384,89,99,150,5.33%,74850,19520,14880,3980,4430,6730,20.3,35.4,10.6,16.1,12.8,3.7,1.1,16.1,22.3,31.7,7.5,3.2,5.4,5.9,2.8,5.1,4.8,0,0.3,,,,,,,64.2,21.3,2.6,11.9,60.9,39.1,69.6,50.7,49.3,4.5,15.9,25.2,628,26,18,2.90%,4.19%,374,183,125,54,32,37,11,2,0,133560,111667,7624,6838,7431,5.56%,9922,4044,7182,2740,2.09%,15.8,1643,1659,44.78,126470,36223,6.31,12-07-2011,697.89,-4.44,50.04,47.61,21.96%,30.34%,40.76%,59.24%,4.31%,3.24%,3.38%,22.98%,30.14,0.1681,3784,Gopalakrishnan
2QFY12,1746,6604,1754,490,411,98,85,164,5.61%,80990,22810,19060,4560,3870,7620,20.2,35.3,10.4,15.6,12.9,3.8,1.8,17.1,21.6,31.2,8.2,3.4,5.4,5.8,2.8,4.5,4.2,0,0.3,,,,,,,65.3,20.5,2.2,12,62.3,37.7,70.2,49.9,50.1,4.6,15.9,25.2,647,45,26,4.14%,7.17%,388,188,128,59,35,38,11,2,1,141822,113810,12599,7738,7657,5.40%,15352,2318,7090,8262,6.19%,15.6,1730,1755,46.3,126640,38203,45.85,12-10-2011,669.84,6.98,49.24,46.7,21.23%,45.98%,15.10%,84.90%,4.49%,8.20%,6.24%,23.54%,33.36,0.1926,3784,Shibulal
3QFY12,1806,6825,1823,560,458,88,82,184,4.87%,92980,28990,23720,4510,4220,9490,20.4,35.3,9.8,15.2,13.4,4.1,1.8,17.1,21.8,30.6,7.9,3.6,4.4,6.1,2.7,5.9,4.8,0.8,0.3,,,,,,,63.7,22.6,2.1,11.6,59.1,40.9,69.9,49.5,50.5,4.1,15,24.5,665,49,31,4.79%,7.57%,391,193,134,61,39,40,13,2,1,145088,116157,12931,8086,7914,5.45%,9655,3863,6389,3266,2.30%,15.4,1802,1840,51.37,127792,40721,9.65,12-01-2012,647.07,-8.43,49.79,47.16,18.02%,27.23%,40.01%,59.99%,3.44%,14.80%,3.93%,25.36%,41.51,0.209,3671,Shibulal
4QFY12,1771,6994,1767,528,463,91,131,196,5.14%,88520,26470,23160,4520,6520,9830,21.3,34.3,10.1,15.8,13,3.9,1.6,16.9,20.9,31.1,7.8,3.4,4.8,6.2,2.7,6.2,4.4,1.4,0.4,,,,,,,62.4,23.1,2,12.5,60.6,39.4,67.2,49.6,50.4,4.1,15.4,24.4,694,52,23,3.46%,7.82%,399,190,132,64,40,40,13,2,1,149994,124953,8696,8139,8206,5.47%,10676,4727,5770,4906,3.38%,14.7,1806,1810,49.96,139331,39950,370.82,13-04-2012,600.64,-12.66,47.23,44.8,15.91%,29.43%,44.28%,55.72%,-1.94%,-4.80%,-3.07%,26.14%,40.54,0.1814,4047,Shibulal
1QFY13,1752,7075,1763,489,416,86,87,160,4.91%,96160,26930,22890,4690,4760,8800,22.5,33.7,8.5,15.8,12.4,4.7,2.4,17.1,20.9,29.9,8.3,3.5,4.9,6.6,2.7,6.1,4.5,1.3,0.3,,,,,,,64.1,21.4,2,12.5,62,38,67.2,49.6,50.4,4.1,16.2,25.3,711,51,34,4.90%,7.35%,403,199,132,64,41,34,12,3,1,151151,128887,5385,8097,8782,5.81%,9236,5233,8079,1157,0.77%,14.9,1771,1789,54.83,147646,33863,10.42,12-07-2012,566.1,-8.36,46.36,44.01,21.54%,24.63%,56.66%,43.34%,-1.07%,8.63%,-0.23%,23.74%,40.06,0.1879,3242,Shibulal
2QFY13,1797,7126,1794,472,431,92,129,170,5.12%,98580,25970,23690,5060,7060,9340,22.1,33.7,9.9,17,12,3.9,1.4,17,21.4,30,8.6,3.4,4.7,6.8,2.6,5.5,3.8,1.3,0.4,,,,,,,63.9,21.9,1.6,12.6,59.6,40.4,69.6,50.7,49.3,4,16,25.4,715,39,35,4.92%,5.49%,413,205,134,61,40,33,11,3,0,153761,132341,4734,7677,9009,5.86%,10420,3656,7810,2610,1.73%,15,NA,NA,54.85,150996,36223,4.31,12-10-2012,598.84,-5.44,46.75,44.52,20.67%,27.58%,35.09%,64.91%,2.57%,2.52%,1.76%,23.98%,41.46,0.1801,3265,Shibulal
3QFY13,1911,7231,1902,491,434,99,92,149,5.18%,104240,26770,23690,5410,5030,8110,21.7,33.7,9.6,16,12.7,4.8,1.5,15.8,20,32.6,8.4,3.2,5.2,6.9,2.4,5.5,3.9,1.3,0.3,,,,,,,61,24,2.2,12.8,58.7,41.3,70.1,51.4,48.6,3.6,14.6,23.9,776,89,28,3.92%,12.45%,419,209,136,62,40,35,12,3,0,155629,134660,4130,7460,9379,6.03%,8390,4351,6522,1868,1.21%,15.1,NA,NA,54.55,153378,34843,4.53,11-01-2013,678.03,16.78,49.12,46.87,16.97%,21.83%,51.86%,48.14%,6.34%,5.74%,6.02%,22.71%,41.47,0.1921,2740,Shibulal
4QFY13,1938,7398,1944,457,444,96,125,138,4.95%,104540,24620,23940,5180,6740,7420,22.2,33.9,9.3,15.4,12.5,4.8,1.9,15.5,19.9,32.7,8.3,3.2,5.2,7.2,2.3,5.7,4,1.3,0.4,,,,,,,60.2,25,2.4,12.4,59.8,40.2,70.9,52.1,47.9,3.6,14.7,24,798,56,34,4.38%,7.22%,448,213,137,62,40,36,12,3,0,156688,135392,4367,7249,9680,6.18%,8990,3545,7931,1059,0.68%,16.3,NA,NA,53.93,153498,52126,119.35,12-04-2013,514.17,-21.26,49.47,47.29,20.38%,23.11%,39.43%,60.57%,1.41%,0.29%,2.21%,22.91%,41.89,0.1921,4021,Shibulal
1QFY14,1991,7637,2005,468,418,103,103,153,5.17%,112670,26640,23740,5840,5770,8670,22.5,33.7,8.5,15.8,12.4,4.7,2.4,15.7,19.3,33.6,8.4,3.2,5.1,7,2.3,5.4,3.7,1.2,0.5,,,,,,,61.4,23.6,2.6,12.4,59.9,40.1,70.7,57.5,42.5,3.9,14.9,24,836,66,28,3.51%,8.27%,466,215,139,64,41,39,15,3,0,157263,134266,6306,7004,9687,6.16%,10138,3008,9563,575,0.37%,16.9,NA,NA,56.56,155045,52126,0,12-07-2013,701.05,10.91,50.64,48.48,24.41%,25.88%,29.67%,70.33%,2.73%,7.78%,3.14%,20.99%,41.54,0.1973,3556,Murthy
2QFY14,2066,7906,2074,451,383,120,81,149,5.81%,129650,28370,24070,7570,5100,9400,23.2,33.4,8.3,15.7,12.7,4.6,2.1,16,19.1,33.3,8.4,3.3,5.1,7.2,2.3,5.3,3.7,1.2,0.4,,,,,,,61.5,24,2.4,12.1,59.8,40.2,73.1,56.6,43.4,3.9,15,24.5,873,68,31,3.71%,8.13%,469,221,146,66,40,39,15,3,0,160227,136426,7483,6580,9738,6.08%,12168,3806,9204,2964,1.88%,17.3,NA,NA,62.77,159422,44425,13.88,11-10-2013,818.63,4.79,51.58,49.54,23.41%,30.95%,31.28%,68.72%,3.77%,15.07%,3.44%,18.54%,42.12,0.1697,3601,Murthy
3QFY14,2100,8095,2091,526,463,104,117,180,4.95%,130260,32590,28750,6440,7310,1115,22.8,33.5,7.9,16,12.8,5,2,15.9,19.2,33.4,8.7,3.2,5.3,6.9,2.1,5.3,3.8,1.1,0.4,,,,,,,60,24.9,2.6,12.5,59,41,72.5,51.1,48.9,3.7,14.1,23.5,888,54,39,4.47%,6.19%,495,226,148,69,41,38,15,4,1,158404,135869,5894,6977,9664,6.10%,6682,3333,8505,-1823,-1.14%,18.1,NA,NA,62.03,168653,37185,14.89,10-01-2014,887.82,2.91,53.03,50.79,21.23%,16.68%,49.88%,50.12%,1.65%,0.47%,0.82%,22.05%,50.32,0.2043,3712,Murthy
4QFY14,2092,8249,2091,534,487,104,139,186,4.97%,128750,32810,29920,6400,8510,1140,23,33.5,8.6,15.5,12.8,4.7,1.9,15.5,19.4,32.5,9.2,3.4,5.5,7.2,2.2,5.1,3.5,1.2,0.4,,,,,,,59.8,25.2,2.6,12.4,58.4,41.6,72.9,54.7,45.3,3.6,14.1,23.4,890,50,48,5.41%,5.63%,501,232,148,78,42,24,13,3,1,160405,137391,7414,6254,9346,5.83%,10997,2100,8996,2001,1.26%,18.7,NA,NA,61.62,177130,29248,0,15-04-2014,814.95,0.76,52.17,50.21,22.72%,27.77%,19.10%,80.90%,-0.38%,-1.16%,0.00%,23.28%,52.36,0.1906,4331,Murthy
1QFY15,2133,8391,2124,536,482,111,139,193,5.20%,127700,32110,28860,6660,8290,11540,23.2,33.4,8.7,15.8,12.4,4.6,1.9,15.8,18.7,32.3,9.5,3.4,5.3,7.9,2.3,4.8,3.2,1.2,0.4,,,,,,,60.8,24.5,2.4,12.3,59.9,40.1,74.8,54.5,45.5,3.4,13.7,22.9,910,61,41,4.61%,6.85%,520,235,148,78,43,24,12,3,1,161284,137038,9089,5721,9436,5.85%,11506,3954,10627,879,0.55%,19.5,NA,NA,59.85,175764,28330,41.2,11-07-2014,831.67,1.03,52.9,51.09,26.50%,28.69%,34.36%,65.64%,1.96%,-0.82%,1.58%,22.60%,50.51,0.2109,4164,Murthy
2QFY15,2201,8526,2217,575,511,127,144,208,5.77%,133420,34830,30960,7690,8770,12640,23.3,32.8,8.9,15.3,13.1,4.7,1.9,16.1,18.9,32.4,9.4,3.4,5.1,7.9,2.2,4.6,2.9,1.2,0.5,,,,,,,60.8,24.7,2.2,12.3,58.6,41.4,75.2,54.6,45.4,3.4,13.6,22.9,912,49,47,5.16%,5.38%,526,237,150,83,43,27,13,3,0,165411,140219,10159,5367,9666,5.84%,14255,4774,10128,4127,2.56%,20.1,NA,NA,60.63,184005,22196,55.5,10-10-2014,972.17,6.63,53.22,51.55,25.12%,35.35%,33.49%,66.51%,3.19%,4.48%,4.38%,23.22%,54.19,0.2235,4604,Sikka
3QFY15,2218,8644,2258,592,522,124,136,206,5.59%,137960,36890,32500,7700,8400,12790,23.4,33.1,8.7,14.9,12.8,5.1,2,14.9,19.5,32.6,9.1,3.4,5.4,8.2,2.3,4.6,2.9,1.1,0.6,,,,,,,61.6,24,2.5,11.9,57.1,42.9,75.7,54.8,45.2,3.2,13.3,22.4,932,59,39,4.28%,6.47%,532,240,154,83,46,29,14,4,0,169638,147125,7302,5345,9866,5.82%,13154,6094,8927,4227,2.56%,20.4,NA,NA,62.16,186829,24386,6.1,09-01-2015,1037.23,5.12,52.3,50.7,21.59%,31.81%,46.33%,53.67%,0.77%,3.40%,1.85%,23.53%,28.44,0.2354,5080,Sikka
4QFY15,2159,8711,2208,555,498,118,141,198,5.47%,134110,34490,30970,7360,8810,12320,23.8,33.6,8.3,15.1,12.4,5.1,1.7,14.3,19.7,32.7,8.9,3.5,5.3,8.1,2.5,5,3.4,1,0.6,,,,,,,62.8,23.1,2.5,11.6,56.2,43.8,72.8,55.2,44.8,3.5,13.9,22.7,950,52,34,3.65%,5.58%,529,244,159,83,47,29,15,4,0,176187,154504,6185,5357,10141,5.76%,14471,8334,7922,6549,3.86%,18.9,NA,NA,62.08,186493,24328,6.3,24-04-2015,997.6,-5.98,49.02,47.57,18.68%,34.12%,57.59%,42.41%,-2.66%,-2.79%,-2.21%,23.07%,27.1,0.2118,4859,Sikka
1QFY16,2256,8834,2254,541,476,129,119,184,5.72%,143540,34470,30300,8200,7580,11750,24,33.1,8.4,15,11.9,5.6,2,14,19.9,32.8,8.9,3.5,5,8.3,2.7,4.9,3.2,1.4,0.3,,,,,,,63.2,22.4,2.2,12.2,57.6,42.4,75.7,56.1,43.9,3.7,14,23,987,79,42,4.42%,8.32%,535,248,161,83,49,28,14,6,1,179523,158025,5043,5515,10940,6.09%,11889,5886,8553,3336,1.89%,19.2,NA,NA,63.63,186372,29725,5.4,21-07-2015,1112.65,11.13,50.27,48.77,19.42%,26.99%,49.51%,50.49%,4.49%,7.03%,2.08%,21.10%,13.26,0.209,4421,Sikka
2QFY16,2392,9025,2412,610,519,129,121,212,5.39%,156350,39930,33980,8430,7930,13870,23.8,32.8,7.9,14.9,12.8,5.9,1.9,14,19.6,32.8,9,3.3,4.9,8.7,2.8,4.9,2.8,1,1.1,,,,,,,63.3,22.9,2.3,11.5,56,44,75.4,56.1,43.9,3.7,14,22.8,1011,82,58,5.88%,8.31%,542,258,169,85,50,31,14,6,1,187976,162758,8983,5369,10866,5.78%,17595,7452,9142,8453,4.71%,19.9,NA,NA,65.36,188080,32446,3.4,12-10-2015,1122.9,-3.81,50.9,49.49,20.37%,39.20%,42.35%,57.65%,6.03%,8.92%,7.01%,21.70%,14.87,0.2291,4566,Sikka
3QFY16,2408,9215,2418,600,525,130,121,196,5.40%,159020,39590,34650,8590,8020,12960,22.8,33.5,8,14.7,13.3,5.8,1.9,14.1,19.1,33.8,9.2,3.4,4.9,7.5,3,5,3,0.9,1.1,,,,,,,62.5,23.2,2.8,11.5,55.4,44.6,74.2,56.5,43.5,3.5,13.9,22.6,1045,75,41,4.06%,7.42%,555,261,171,89,51,28,13,6,1,193383,167013,9833,5199,11338,5.86%,14027,6115,8620,5407,2.88%,18.1,NA,NA,66.05,196848,25377,1,14-01-2016,1133,4.58,49.81,48.5,18.34%,29.85%,43.59%,56.41%,0.67%,1.71%,0.25%,21.80%,15.16,0.232,4455,Sikka
4QFY16,2446,9502,2452,625,533,134,114,206,5.48%,165500,42200,35970,9090,7720,13940,22.7,32.8,8.6,15,13.2,5.7,2,13.7,19.7,33.2,9,3.4,5,8,2.8,5.2,3.2,1.7,0.3,,,,,,,61.9,23.4,3,11.7,54.9,45.1,74.7,56.5,43.5,3.6,13.7,21.8,1092,89,42,4.02%,8.52%,558,268,177,88,52,31,14,6,1,194044,171109,6098,5122,11715,6.04%,9034,5266,8373,661,0.34%,17.3,NA,NA,67.72,197388,51271,1,15-04-2016,1238.7,5.63,50.42,49.12,17.32%,18.69%,58.29%,41.71%,1.58%,4.07%,1.41%,21.79%,15.74,0.2352,4935,Sikka
1QFY17,2501,9747,2489,602,511,137,112,203,5.48%,167820,40470,34360,9200,7530,13620,22.8,32.8,9.4,15.5,12.7,4.7,2.1,14.4,19.5,32.1,9.1,3.5,4.9,8.3,2.7,5.5,3,2.1,0.4,,,,,,,62,23,2.7,12.3,54.3,45.7,76.5,57,43,3.6,13.7,22.2,1126,95,61,5.59%,8.70%,574,268,180,87,52,31,17,6,1,197050,173154,6580,4910,12406,6.30%,13268,5260,10262,3006,1.55%,21,NA,NA,67.08,199413,56649,1.5,15-07-2016,1072.55,-8.82,50.77,49.53,21.15%,27.35%,39.64%,60.36%,2.25%,1.40%,1.51%,20.43%,15.03,0.2246,4598,Sikka
2QFY17,2587,9942,2599,644,540,134,114,218,5.18%,173100,43090,36090,8970,7600,14600,22.5,33.1,9.4,14.9,13.4,4.5,2.2,15.6,18.1,32.1,9.2,3.7,4.9,8.4,2.9,5.1,3,1.7,0.4,,,,,,,61.5,22.5,3.4,12.6,52.9,47.1,77.7,57,43,3.5,13.1,21.8,1136,78,68,6.04%,6.93%,577,277,186,89,54,30,18,6,1,199829,176334,6303,4958,12234,6.12%,12717,5752,9938,2779,1.41%,20,NA,NA,66.91,200231,68016,3.2,14-10-2016,1027.15,-2.39,51.78,50.53,20.17%,25.81%,45.23%,54.77%,3.44%,3.15%,4.42%,20.87%,15.77,0.2356,4763,Sikka
3QFY17,2551,10085,2579,640,547,131,121,214,5.14%,172730,43340,37080,8850,8200,14460,22.5,33.3,9.1,14.6,13.6,4.6,2.3,15.5,17,32.4,9.1,3.9,4.9,8.6,3,5.6,3.2,1.9,0.5,,,,,,,62,22.2,3.4,12.4,50.5,49.5,77.8,56.5,43.5,3.1,12.3,20.1,1152,77,61,5.37%,6.78%,591,275,195,90,54,32,18,6,1,199763,178548,4430,4941,11844,5.93%,9120,4000,9186,-66,-0.03%,18.4,NA,NA,67.7,208469,53969,7,13-01-2017,972.6,-2.74,51.08,49.85,18.39%,18.26%,43.86%,56.14%,-1.39%,-0.21%,-0.77%,21.44%,16.22,0.2391,3844,Sikka
4QFY17,2569,10208,2552,634,543,133,112,199,5.18%,171200,42120,36030,8890,7460,13300,22.4,33.5,9.9,14.1,13.5,4.6,2,15.3,16.8,32.6,9,4,5.1,8.5,3.2,5.5,3.1,1.9,0.5,,,,,,,62.3,22.1,3.2,12.4,50.6,49.4,78.2,56.7,43.3,3.3,12.2,20.2,1162,71,61,5.30%,6.16%,598,282,189,91,56,31,19,6,1,200364,178474,5438,4753,11699,5.84%,9130,3967,8529,601,0.30%,17.1,NA,NA,66.73,211678,52607,1.6,13-04-2017,932.9,3.71,51.29,50.1,17.08%,18.28%,43.45%,56.55%,0.71%,-0.89%,-1.05%,21.14%,15.76,0.24,3489,Sikka
1QFY18,2651,10358,2628,638,541,138,127,213,5.21%,170780,41110,34830,8880,8140,13710,22.2,33.3,10.4,14.2,13.3,4.6,2,15.4,16.7,32.6,9.3,4.1,5,8.4,3.1,5.4,3.1,1.9,0.4,,,,,,,61.1,22.4,3.6,12.9,50.7,49.3,80.2,56.6,43.4,3.3,,20,1164,59,57,4.91%,5.08%,606,279,190,97,56,31,18,,,198553,178494,3618,4770,11671,5.88%,8654,,10456,-1802,-0.90%,21,NA,NA,64.58,,,,14-07-2017,991.1,1.41,53.41,52.15,20.87%,17.28%,NA,NA,3.19%,-0.25%,2.98%,20.41%,15.23,0.24,3579,Sikka
2QFY18,2728,10499,2702,659,578,132,137,218,4.84%,175670,42460,37260,8460,8830,14030,22,33.4,10.4,13.8,13.6,4.8,2,15.6,16,32.5,9.4,4.1,5.1,9,3.1,5.2,3,1.9,0.3,9.4,1.6,,,,,60.6,23.2,3.3,12.9,49.6,50.4,81.8,55.6,44.4,3.4,,19.5,1173,72,63,5.41%,6.19%,620,286,186,100,55,31,19,,,198440,180397,1911,4498,11634,5.86%,10514,,10627,-113,-0.06%,21.4,NA,NA,64.39,,,,24-10-2017,935.3,0.95,54.99,53.77,21.41%,21.18%,NA,NA,2.90%,2.86%,2.82%,21.19%,16.29,0.25,"3,575",Nilekani
3QFY18,2755,10703,2762,669,796,136,149,22,4.94%,177940,43190,51290,8770,9620,15200,21.8,33.1,10.5,14.1,14,4.6,1.9,15.4,16.2,32.8,9.4,4,5.3,8.8,2.8,5.3,3,1.9,0.4,9.9,1.7,,,,,60.4,24.4,3,12.2,48.6,51.4,82.1,54.8,45.2,3.4,,19.2,1191,79,61,5.20%,6.73%,630,290,198,101,56,34,10,,,201691,180842,4789,4367,11693,5.80%,12622,,10627,1995,1.01%,18.7,NA,NA,64.59,,,,12-01-2018,1081,0.25,54.64,53.48,21.42%,25.44%,NA,NA,0.99%,1.29%,2.22%,28.89%,22.55,0.35,3226,Nilekani
4QFY18,2805,10939,2770,693,571,147,82,204,5.24%,180830,44720,36900,9470,5340,13160,21.9,33,10.8,13.3,14.4,4.7,1.9,15.5,15.6,32.4,9.8,4,5.4,9.3,3.1,4.9,,,,11.1,1.6,,,,,59.4,24.8,2.8,13,49,51,80.8,54.6,45.4,3.6,,19.2,1204,73,60,5.04%,6.13%,634,295,198,105,57,35,20,,,204107,182619,5252,4308,11928,5.84%,12329,,9913,2416,1.20%,19.5,,,65.18,,,,13-04-2018,,,54.97,53.83,19.66%,24.45%,,,1.81%,1.62%,0.29%,20.36%,16.98,0.26,3041,Parekh
1QFY19,2831,11119,2868,638,534,149,107,204,,191280,45370,36120,10050,7260,13810,9.6,31.8,12.7,16.6,33.3,6.6,,,,,,,,,,,,,,,,68.5,26.7,1.7,3.1,60,24.3,2.6,13.1,48.2,51.8,81.5,,,3.7,,19.2,1214,70,60,,,627,,200,,56,,24,,,209905,,,,12268,,17709,,11911,5798,,23,,,67.52,,,,13-07-2018,,,,,,,,,,,,,,0.25,2411,Parekh
